<?xml version="1.0"?>
<interface>
  <!-- interface-requires gtk+ 2.12 -->
  <!-- interface-naming-policy toplevel-contextual -->
  <object class="GtkWindow" id="window1">
    <property name="visible">True</property>
    <property name="has_focus">True</property>
    <property name="title" translatable="yes">Spraygen 1.3.2</property>
    <property name="window_position">center</property>
    <property name="default_width">800</property>
    <property name="default_height">250</property>
    <signal name="destroy" handler="on_window1_destroy"/>
    <child>
      <object class="GtkTable" id="table1">
        <property name="visible">True</property>
        <property name="n_rows">3</property>
        <property name="n_columns">3</property>
        <child>
          <object class="GtkButton" id="button1">
            <property name="label" translatable="yes">Convert to VTF</property>
            <property name="visible">True</property>
            <property name="can_focus">True</property>
            <property name="receives_default">True</property>
            <signal name="clicked" handler="on_button1_clicked"/>
          </object>
          <packing>
            <property name="left_attach">2</property>
            <property name="right_attach">3</property>
            <property name="top_attach">2</property>
            <property name="bottom_attach">3</property>
          </packing>
        </child>
        <child>
          <object class="GtkVBox" id="vbox4">
            <property name="visible">True</property>
            <property name="orientation">vertical</property>
            <child>
              <object class="GtkRadioButton" id="animated">
                <property name="label" translatable="yes">Animated</property>
                <property name="visible">True</property>
                <property name="can_focus">True</property>
                <property name="receives_default">False</property>
                <property name="active">True</property>
                <property name="draw_indicator">True</property>
                <signal name="toggled" handler="on_animated_toggled"/>
              </object>
              <packing>
                <property name="position">0</property>
              </packing>
            </child>
            <child>
              <object class="GtkRadioButton" id="fading">
                <property name="label" translatable="yes">Fading</property>
                <property name="visible">True</property>
                <property name="can_focus">True</property>
                <property name="receives_default">False</property>
                <property name="draw_indicator">True</property>
                <property name="group">animated</property>
                <signal name="group_changed" handler="on_animated_toggled"/>
              </object>
              <packing>
                <property name="position">1</property>
              </packing>
            </child>
            <child>
              <object class="GtkLabel" id="label3">
                <property name="visible">True</property>
                <property name="has_tooltip">True</property>
                <property name="tooltip_text" translatable="yes">Input file information</property>
                <property name="label" translatable="yes">Image info
Size:
Frames:</property>
              </object>
              <packing>
                <property name="position">2</property>
              </packing>
            </child>
            <child>
              <object class="GtkLabel" id="label4">
                <property name="visible">True</property>
                <property name="has_tooltip">True</property>
                <property name="tooltip_text" translatable="yes">Maximum number of frames calculated to fit in an 118kb vtf file,
based on your current width/height/transparency</property>
                <property name="label" translatable="yes">Frames in VTF:</property>
                <property name="use_markup">True</property>
              </object>
              <packing>
                <property name="position">3</property>
              </packing>
            </child>
            <child>
              <object class="GtkCheckButton" id="transparencybutton">
                <property name="label" translatable="yes">Transparent background</property>
                <property name="visible">True</property>
                <property name="can_focus">True</property>
                <property name="receives_default">False</property>
                <property name="has_tooltip">True</property>
                <property name="tooltip_text" translatable="yes">Transparency doubles the size of the frames
or halves the number of frames you can fit in to an 118kb vtf</property>
                <property name="use_underline">True</property>
                <property name="draw_indicator">True</property>
                <signal name="toggled" handler="on_transparencybutton_toggled"/>
              </object>
              <packing>
                <property name="position">4</property>
              </packing>
            </child>
          </object>
          <packing>
            <property name="left_attach">2</property>
            <property name="right_attach">3</property>
            <property name="top_attach">1</property>
            <property name="bottom_attach">2</property>
          </packing>
        </child>
        <child>
          <object class="GtkHBox" id="hbox1">
            <property name="height_request">12</property>
            <property name="visible">True</property>
            <child>
              <object class="GtkVBox" id="vbox6">
                <property name="visible">True</property>
                <property name="orientation">vertical</property>
                <child>
                  <placeholder/>
                </child>
                <child>
                  <object class="GtkLabel" id="label1">
                    <property name="visible">True</property>
                    <property name="label" translatable="yes">Steam Account</property>
                  </object>
                  <packing>
                    <property name="expand">False</property>
                    <property name="padding">3</property>
                    <property name="position">1</property>
                  </packing>
                </child>
                <child>
                  <placeholder/>
                </child>
              </object>
              <packing>
                <property name="expand">False</property>
                <property name="position">0</property>
              </packing>
            </child>
            <child>
              <object class="GtkVBox" id="vbox5">
                <property name="visible">True</property>
                <property name="orientation">vertical</property>
                <child>
                  <placeholder/>
                </child>
                <child>
                  <object class="GtkComboBox" id="combobox1">
                    <property name="visible">True</property>
                  </object>
                  <packing>
                    <property name="expand">False</property>
                    <property name="position">1</property>
                  </packing>
                </child>
                <child>
                  <placeholder/>
                </child>
              </object>
              <packing>
                <property name="position">1</property>
              </packing>
            </child>
          </object>
          <packing>
            <property name="left_attach">2</property>
            <property name="right_attach">3</property>
          </packing>
        </child>
        <child>
          <object class="GtkVBox" id="vbox1">
            <property name="visible">True</property>
            <property name="border_width">7</property>
            <property name="orientation">vertical</property>
            <child>
              <object class="GtkLabel" id="label2">
                <property name="visible">True</property>
                <property name="has_tooltip">True</property>
                <property name="tooltip_text" translatable="yes">Auto-install copies the files to your vgui folders automatically.
Also edits your cfg\autoexec.cfg to set the spray automatically</property>
                <property name="label" translatable="yes">Auto-Install</property>
              </object>
              <packing>
                <property name="position">0</property>
              </packing>
            </child>
            <child>
              <object class="GtkCheckButton" id="tf2check">
                <property name="label" translatable="yes">TF2</property>
                <property name="visible">True</property>
                <property name="can_focus">True</property>
                <property name="receives_default">False</property>
                <property name="has_tooltip">True</property>
                <property name="tooltip_text" translatable="yes">Auto-install for Team Fortress 2, working!</property>
                <property name="draw_indicator">True</property>
              </object>
              <packing>
                <property name="position">1</property>
              </packing>
            </child>
            <child>
              <object class="GtkCheckButton" id="csscheck">
                <property name="label" translatable="yes">CS:S</property>
                <property name="visible">True</property>
                <property name="can_focus">True</property>
                <property name="receives_default">False</property>
                <property name="has_tooltip">True</property>
                <property name="tooltip_text" translatable="yes">Auto-install for Counterstrike: Source, working!</property>
                <property name="draw_indicator">True</property>
              </object>
              <packing>
                <property name="position">2</property>
              </packing>
            </child>
            <child>
              <object class="GtkCheckButton" id="L4Dcheck">
                <property name="label" translatable="yes">L4D</property>
                <property name="visible">True</property>
                <property name="can_focus">True</property>
                <property name="receives_default">False</property>
                <property name="has_tooltip">True</property>
                <property name="tooltip_text" translatable="yes">Auto-install for L4D isn't working, yet</property>
                <property name="draw_indicator">True</property>
              </object>
              <packing>
                <property name="position">3</property>
              </packing>
            </child>
            <child>
              <object class="GtkCheckButton" id="L4D2check">
                <property name="label" translatable="yes">L4D2</property>
                <property name="visible">True</property>
                <property name="can_focus">True</property>
                <property name="receives_default">False</property>
                <property name="has_tooltip">True</property>
                <property name="tooltip_text" translatable="yes">Auto-install for L4D2 isn't working, yet</property>
                <property name="draw_indicator">True</property>
              </object>
              <packing>
                <property name="position">4</property>
              </packing>
            </child>
            <child>
              <object class="GtkLabel" id="label5">
                <property name="visible">True</property>
                <property name="has_tooltip">True</property>
                <property name="tooltip_text" translatable="yes">Manual install, copy the file yourself</property>
                <property name="label" translatable="yes">Manual Install</property>
              </object>
              <packing>
                <property name="position">5</property>
              </packing>
            </child>
            <child>
              <object class="GtkCheckButton" id="savecheck">
                <property name="label" translatable="yes">Save File</property>
                <property name="visible">True</property>
                <property name="can_focus">True</property>
                <property name="receives_default">False</property>
                <property name="has_tooltip">True</property>
                <property name="tooltip_text" translatable="yes">Manual install, copy the file yourself</property>
                <property name="active">True</property>
                <property name="draw_indicator">True</property>
              </object>
              <packing>
                <property name="position">6</property>
              </packing>
            </child>
          </object>
          <packing>
            <property name="y_options"></property>
          </packing>
        </child>
        <child>
          <object class="GtkHBox" id="hbox2">
            <property name="visible">True</property>
            <child>
              <object class="GtkVBox" id="vbox8">
                <property name="visible">True</property>
                <property name="orientation">vertical</property>
                <child>
                  <object class="GtkImage" id="image1">
                    <property name="visible">True</property>
                    <property name="stock">gtk-missing-image</property>
                  </object>
                  <packing>
                    <property name="position">0</property>
                  </packing>
                </child>
                <child>
                  <object class="GtkHBox" id="hbox3">
                    <child>
                      <object class="GtkLabel" id="label9">
                        <property name="visible">True</property>
                        <property name="label" translatable="yes">Near Frame</property>
                      </object>
                      <packing>
                        <property name="expand">False</property>
                        <property name="fill">False</property>
                        <property name="position">0</property>
                      </packing>
                    </child>
                    <child>
                      <object class="GtkSpinButton" id="spinbutton1">
                        <property name="visible">True</property>
                        <property name="can_focus">True</property>
                        <property name="editable">False</property>
                        <property name="invisible_char">&#x25CF;</property>
                        <property name="adjustment">adjustment1</property>
                        <property name="climb_rate">1</property>
                        <signal name="value_changed" handler="on_spinbutton1_value_changed"/>
                      </object>
                      <packing>
                        <property name="expand">False</property>
                        <property name="fill">False</property>
                        <property name="position">1</property>
                      </packing>
                    </child>
                  </object>
                  <packing>
                    <property name="position">1</property>
                  </packing>
                </child>
              </object>
              <packing>
                <property name="position">0</property>
              </packing>
            </child>
            <child>
              <object class="GtkVBox" id="vbox7">
                <property name="orientation">vertical</property>
                <child>
                  <object class="GtkImage" id="image2">
                    <property name="visible">True</property>
                    <property name="stock">gtk-missing-image</property>
                  </object>
                  <packing>
                    <property name="position">0</property>
                  </packing>
                </child>
                <child>
                  <object class="GtkHBox" id="hbox4">
                    <property name="visible">True</property>
                    <child>
                      <object class="GtkLabel" id="label8">
                        <property name="visible">True</property>
                        <property name="label" translatable="yes">Far Frame</property>
                      </object>
                      <packing>
                        <property name="expand">False</property>
                        <property name="position">0</property>
                      </packing>
                    </child>
                    <child>
                      <object class="GtkSpinButton" id="spinbutton2">
                        <property name="visible">True</property>
                        <property name="can_focus">True</property>
                        <property name="editable">False</property>
                        <property name="invisible_char">&#x25CF;</property>
                        <property name="adjustment">adjustment2</property>
                        <property name="climb_rate">1</property>
                        <signal name="value_changed" handler="on_spinbutton2_value_changed"/>
                      </object>
                      <packing>
                        <property name="expand">False</property>
                        <property name="fill">False</property>
                        <property name="position">1</property>
                      </packing>
                    </child>
                  </object>
                  <packing>
                    <property name="position">1</property>
                  </packing>
                </child>
              </object>
              <packing>
                <property name="position">1</property>
              </packing>
            </child>
          </object>
          <packing>
            <property name="left_attach">1</property>
            <property name="right_attach">2</property>
          </packing>
        </child>
        <child>
          <object class="GtkButton" id="importbutton">
            <property name="label" translatable="yes">Import</property>
            <property name="visible">True</property>
            <property name="can_focus">True</property>
            <property name="receives_default">True</property>
            <signal name="clicked" handler="on_importbutton_clicked"/>
          </object>
          <packing>
            <property name="top_attach">2</property>
            <property name="bottom_attach">3</property>
          </packing>
        </child>
        <child>
          <object class="GtkHBox" id="hbox5">
            <property name="visible">True</property>
            <child>
              <object class="GtkVBox" id="vbox2">
                <property name="visible">True</property>
                <property name="border_width">2</property>
                <property name="orientation">vertical</property>
                <child>
                  <object class="GtkLabel" id="label7">
                    <property name="visible">True</property>
                    <property name="label" translatable="yes">Width</property>
                  </object>
                  <packing>
                    <property name="position">0</property>
                  </packing>
                </child>
                <child>
                  <object class="GtkRadioButton" id="width32">
                    <property name="label" translatable="yes">32</property>
                    <property name="visible">True</property>
                    <property name="can_focus">True</property>
                    <property name="receives_default">False</property>
                    <property name="active">True</property>
                    <property name="draw_indicator">True</property>
                    <signal name="toggled" handler="on_radiobutton1_toggled"/>
                  </object>
                  <packing>
                    <property name="position">1</property>
                  </packing>
                </child>
                <child>
                  <object class="GtkRadioButton" id="width64">
                    <property name="label" translatable="yes">64</property>
                    <property name="visible">True</property>
                    <property name="can_focus">True</property>
                    <property name="receives_default">False</property>
                    <property name="draw_indicator">True</property>
                    <property name="group">width32</property>
                    <signal name="toggled" handler="on_radiobutton2_toggled"/>
                  </object>
                  <packing>
                    <property name="position">2</property>
                  </packing>
                </child>
                <child>
                  <object class="GtkRadioButton" id="width128">
                    <property name="label" translatable="yes">128</property>
                    <property name="visible">True</property>
                    <property name="can_focus">True</property>
                    <property name="receives_default">False</property>
                    <property name="draw_indicator">True</property>
                    <property name="group">width32</property>
                    <signal name="toggled" handler="on_radiobutton3_toggled"/>
                  </object>
                  <packing>
                    <property name="position">3</property>
                  </packing>
                </child>
                <child>
                  <object class="GtkRadioButton" id="width256">
                    <property name="label" translatable="yes">256</property>
                    <property name="visible">True</property>
                    <property name="can_focus">True</property>
                    <property name="receives_default">False</property>
                    <property name="draw_indicator">True</property>
                    <property name="group">width32</property>
                    <signal name="toggled" handler="on_radiobutton4_toggled"/>
                  </object>
                  <packing>
                    <property name="position">4</property>
                  </packing>
                </child>
                <child>
                  <object class="GtkRadioButton" id="width512">
                    <property name="label" translatable="yes">512</property>
                    <property name="visible">True</property>
                    <property name="can_focus">True</property>
                    <property name="receives_default">False</property>
                    <property name="draw_indicator">True</property>
                    <property name="group">width32</property>
                    <signal name="toggled" handler="on_radiobutton5_toggled"/>
                  </object>
                  <packing>
                    <property name="position">5</property>
                  </packing>
                </child>
              </object>
              <packing>
                <property name="position">0</property>
              </packing>
            </child>
            <child>
              <object class="GtkVBox" id="vbox3">
                <property name="visible">True</property>
                <property name="border_width">2</property>
                <property name="orientation">vertical</property>
                <child>
                  <object class="GtkLabel" id="label6">
                    <property name="visible">True</property>
                    <property name="label" translatable="yes">Height</property>
                  </object>
                  <packing>
                    <property name="position">0</property>
                  </packing>
                </child>
                <child>
                  <object class="GtkRadioButton" id="height32">
                    <property name="label" translatable="yes">32</property>
                    <property name="visible">True</property>
                    <property name="can_focus">True</property>
                    <property name="receives_default">False</property>
                    <property name="active">True</property>
                    <property name="draw_indicator">True</property>
                    <signal name="toggled" handler="on_radiobutton6_toggled"/>
                  </object>
                  <packing>
                    <property name="position">1</property>
                  </packing>
                </child>
                <child>
                  <object class="GtkRadioButton" id="height64">
                    <property name="label" translatable="yes">64</property>
                    <property name="visible">True</property>
                    <property name="can_focus">True</property>
                    <property name="receives_default">False</property>
                    <property name="draw_indicator">True</property>
                    <property name="group">height32</property>
                    <signal name="toggled" handler="on_radiobutton7_toggled"/>
                  </object>
                  <packing>
                    <property name="position">2</property>
                  </packing>
                </child>
                <child>
                  <object class="GtkRadioButton" id="height128">
                    <property name="label" translatable="yes">128</property>
                    <property name="visible">True</property>
                    <property name="can_focus">True</property>
                    <property name="receives_default">False</property>
                    <property name="draw_indicator">True</property>
                    <property name="group">height32</property>
                    <signal name="toggled" handler="on_radiobutton8_toggled"/>
                  </object>
                  <packing>
                    <property name="position">3</property>
                  </packing>
                </child>
                <child>
                  <object class="GtkRadioButton" id="height256">
                    <property name="label" translatable="yes">256</property>
                    <property name="visible">True</property>
                    <property name="can_focus">True</property>
                    <property name="receives_default">False</property>
                    <property name="draw_indicator">True</property>
                    <property name="group">height32</property>
                    <signal name="toggled" handler="on_radiobutton9_toggled"/>
                  </object>
                  <packing>
                    <property name="position">4</property>
                  </packing>
                </child>
                <child>
                  <object class="GtkRadioButton" id="height512">
                    <property name="label" translatable="yes">512</property>
                    <property name="visible">True</property>
                    <property name="can_focus">True</property>
                    <property name="receives_default">False</property>
                    <property name="draw_indicator">True</property>
                    <property name="group">height32</property>
                    <signal name="toggled" handler="on_radiobutton10_toggled"/>
                  </object>
                  <packing>
                    <property name="position">5</property>
                  </packing>
                </child>
              </object>
              <packing>
                <property name="position">1</property>
              </packing>
            </child>
          </object>
          <packing>
            <property name="top_attach">1</property>
            <property name="bottom_attach">2</property>
          </packing>
        </child>
        <child>
          <object class="GtkButton" id="importbutton2">
            <property name="label" translatable="yes"> Import 2nd frame </property>
            <property name="can_focus">True</property>
            <property name="receives_default">True</property>
            <signal name="clicked" handler="on_importbutton2_clicked"/>
          </object>
          <packing>
            <property name="left_attach">1</property>
            <property name="right_attach">2</property>
            <property name="top_attach">2</property>
            <property name="bottom_attach">3</property>
            <property name="x_options"></property>
          </packing>
        </child>
        <child>
          <placeholder/>
        </child>
      </object>
    </child>
  </object>
  <object class="GtkAdjustment" id="adjustment1">
    <property name="value">1</property>
    <property name="lower">1</property>
    <property name="upper">1</property>
    <property name="step_increment">1</property>
    <property name="page_increment">1</property>
  </object>
  <object class="GtkAdjustment" id="adjustment2">
    <property name="value">1</property>
    <property name="lower">1</property>
    <property name="upper">1</property>
    <property name="step_increment">1</property>
    <property name="page_increment">1</property>
  </object>
</interface>
